ID,Language_ID,Parameter_ID,Value,Code_ID,Comment,Source
abyanei-tense,abyanei,tense,FUTURE,,kVm-,
africanamericanvernacularenglish-aspect,africanamericanvernacularenglish,aspect,COMPLETIVE Aspect,,done,
aghul-aspect,aghul,aspect,PERFECT / REPETITIVE / CONTINUOUS,,"-naa, -naja, -na a, -na aa, -na aja / q-, qa-, qu-, qi / (-j) aq'-",
aghul-case-adposition,aghul,case-adposition,COMITATIVE,,-qaj,
aghul-conjunction,aghul,conjunction,general TEMPORAL suffix ('converb'),,"-guna, -gana, -guni",
aghul-definiteness,aghul,definiteness,(narrative) INDEFINITE ARTICLE / INDEFINITE Pronoun marker / INDEFINITE Pronoun ('free choice') marker,,sa / jči(n) / kːanči꞊ra,
aghul-evidential,aghul,evidential,hearsay EVIDENTIALITY,,-ʁaj,
aghul-identity,aghul,identity,'other' / 'same',,sara / sa,
aghul-information-structure-devices,aghul,information-structure-devices,EXHAUSTIVE (discourse) particle ('only'),,sa,
aghul-modality,aghul,modality,IRREALIS,,-sij,
aghul-negative,aghul,negative,negative Pronoun marker,,=ra,
aghul-other,aghul,other,"marker for ""COLLECTIVE"" numerals",,꞊ra,
aghul-pronoun-proverb,aghul,pronoun-proverb,Pro-Verb (in Topicalization),,(a)q'as,
aghul-tense,aghul,tense,AORIST,,-ne,
aghul-valency-change,aghul,valency-change,CAUSATIVE aux,,(a)q'as,
aghul-verbal-categories-other,aghul,verbal-categories-other,VERIFICATIVE,,"-čug-, -čuk'-, -čuq'-",
angolar-valency-change,angolar,valency-change,REFLEXIVE,,onge,
archi-case-adposition,archi,case-adposition,ALLATIVE postposition,,eq'en,
archi-modality,archi,modality,PROBABILITY (PRESUMPTIVE) aux,,χos,
archi-other,archi,other,derivational marker for ordinal numerals,,-bosdub,
archi-verbal-categories-other,archi,verbal-categories-other,VERIFICATIVE,,-kː-,
awadhi-number,awadhi,number,PLURAL marker for animates,,log,
ayacuchoquechua-aspect,ayacuchoquechua,aspect,HABITUAL (compound tense),,-q ka,
ayacuchoquechua-identity,ayacuchoquechua,identity,'other',,huk,
ayacuchoquechua-modality,ayacuchoquechua,modality,DEONTIC construction,,-na,
bactrian-definiteness,bactrian,definiteness,DEFINITE article,,i,
balantak-relativization,balantak,relativization,RELATIVIZER,,men,
balochi-aspect,balochi,aspect,CHANGE-OF-STATE (vector verb for starting of an action) / PROGRESSIVE / CHANGE-OF-STATE (vector verb for initiating an action) / COMPLETIVE (vector verb) / COMPLETIVE (vector verb) / COMPLETIVE (vector verb for physical transfer),,"āy-, āt / V(INF)-ā ã / šut / išt / nešt / zūr-, zīr- / zurt, zūrt",
balochi-case-adposition,balochi,case-adposition,BEHIND (adposition) / up' (adposition),,pušt / sar,
balochi-evidential,balochi,evidential,EVIDENTIAL (say.PRS-3SG) / EVIDENTIAL (say.PRS.3SG),,guš-ī / šī,
balochi-modality,balochi,modality,OBLIGATION / PERMISSIVE (IRR-leave.IMP2SG) / NECESSITY,,V(INF)-ī int / (b-)il / lōṭ-,
balochi-number,balochi,number,SINGULATIVE (individuation marker),,=ē,
balochi-tense,balochi,tense,FUTURE,,V(INF)-ī ą,
balochieastern-aspect,balochieastern,aspect,CHANGE-OF-STATE (vector verb for INTRANSITIVEs),,šuθ,
balochiwestern-modality,balochiwestern,modality,EVIDENTIAL (say.PRS-3PL),,guš-an(t),
balochiwestern-tense,balochiwestern,tense,PROSPECTIVE (IMMEDIATE FUTURE),,"āy-, āt (ki)",
bambara-aspect,bambara,aspect,COMPLETIVE predicative marker in TRANSITIVE constructions / 'already' (particle in postverbal position) / INCHOATIVE aux / REPETITIVE aux / CONTINUATIVE/HABITUAL aux / aux meaning 'eventually',,yé / bán / sín / sègín / tó / tílá,
bambara-case-adposition,bambara,case-adposition,"SPATIAL postposition 'between' / under the responsibility of', 'in the personal sphere of' (postposition) / TEMPORAL/SPATIAL postposition 'behind','after' / SPATIAL postposition 'in' / SPATIAL postposition 'on' / SPATIAL postposition 'in front of', 'before' / preposition 'starting from' / preposition 'until' / AGENT (postposition)",,cɛ́ / bóló / kɔ́ / kɔ́nɔ́ / kǔn / ɲɛ́ / kà bɔ́ / kà táa / bóló,
bambara-conjunction,bambara,conjunction,"TEMPORAL SUBORDINATOR 'when', 'since' / TEMPORAL SUBORDINATOR / SUBORDINATOR 'if' / CAUSAL SUBORDINATOR 'because' / SIMILE",,kàbíní / sání / ní / sábú / ko,
bambara-definiteness,bambara,definiteness,INDEFINITE (determiner),,dɔ́,
bambara-evaluative,bambara,evaluative,DIMINUTIVE (derivational suffix),,-nin,
bambara-identity,bambara,identity,'other' / 'same',,dɔ́ / kélén,
bambara-information-structure-devices,bambara,information-structure-devices,'only',,dǎn,
bambara-modality,bambara,modality,HORTATIVE/SUBJUNCTIVE modal markers / PROHIBITIVE marker / POSSIBILITY MODAL aux / OBLIGATION MODAL aux / ABILITY (aux verb),,ká / kànâ / sé / kán / sé,
bambara-negative,bambara,negative,"DETERMINER in negative sense 'nothing, none'",,sí,
bambara-noun-classification,bambara,noun-classification,FEMALE (derivational suffix) / MALE (derivational suffix),,mùsó / -kɛ,
bambara-other,bambara,other,'alone' (adnominal particle) / only (adnominal particle),,kélén / kélén,
bambara-possession,bambara,possession,H-POSSESSIVE (postposition 'at' + LOC COP),,bóló,
bambara-pronoun-proverb,bambara,pronoun-proverb,emphatic third person PRONOUN ('the person in question') / RECIPROCAL PRONOUN / INDEFINITE PRONOUN / INDEFINITE PRONOUN,,à tìgî / ɲɔ́gɔ́n / dɔ́ / féŋóofèŋ,
bambara-tense,bambara,tense,FUTURE,,ná,
bambara-valency-change,bambara,valency-change,CAUSATIVE (prefix (indirect causation)) / PERMISSIVE CAUSATION aux,,lá- / bìlá,
bambara-verbal-categories-other,bambara,verbal-categories-other,"IMMINENCE aux 'come close to, be about to'",,ɲíní,
bardi-copulaic,bardi,copulaic,COPULA (POSSESSIVE),,jina,
bardi-valency-change,bardi,valency-change,COMITATIVE APPLICATIVE,,-ng(a),
bataviacreole-aspect,bataviacreole,aspect,PERFECTIVE,,dja,
bataviacreole-case-adposition,bataviacreole,case-adposition,ACCUSATIVE/DATIVE marker,,kung,
beja-aspect,beja,aspect,"""V2-conjugation"" marker (IMPERFECTIVE) / PERFECT / PERFECT / phasal CONTINUATIVE aspect / phasal TERMINATIVE aux",,-ani / =wa / ak / harʔa baj / bʔa,
beja-case-adposition,beja,case-adposition,until' / until' / next to' (SPATIAL postposition) / SPATIAL postposition 'towards' (ALLATIVE),,(=eːb) hadiːd / (=eːb) oː=kiːk / geːb / beːti,
beja-conjunction,beja,conjunction,COMPLEMENTIZER (mostly: REL.F + the thing) / TEMPORAL marker 'when' / TEMPORAL marker 'when' / CONDITIONAL (doubt) / CONCESSION / PURPOSE SUBORDINATOR / PURPOSE,,na / =hoːb / doːr / =uːk / =eːk / dhaːj / mi-jaːd,
beja-information-structure-devices,beja,information-structure-devices,Emphatic constructions / Emphatic constructions / DISCOURSE marker (for the end of discursive unit in narratives and poetry),,dʔi- / -ni:n / eːn,
beja-modality,beja,modality,INTENTION / POSSIBILITY,,"-d- / ø, jʔ",
beja-negative,beja,negative,CONTRASTIVE NEGATION aux,,rib,
beja-other,beja,other,adnominal INTENSIFIER / adverbial INTENSIFIER (for predicate or entire phrase) / aux 'upwards' / polar QUESTION marker / INTENSIFIER,,"(i=)kna(=ji) / (i=)kna / ʔas / han / hoːk, =hoːk",
beja-possession,beja,possession,attributive POSSESSION marker,,(i=)kna,
beja-pronoun-proverb,beja,pronoun-proverb,'you (SG)' (personal PRONOUN) / INDEFINITE PRONOUN / question words,,baruːk / gali / naː,
beja-relativization,beja,relativization,RELATIVIZER / RELATIVIZER / RELATIVIZER,,=t / ti= / w= + =e:b,
beja-tense,beja,tense,FUTURE aux / IMMEDIATE FUTURE,,di / gad,
beja-valency-change,beja,valency-change,APPLICATIVE marker,,hi,
beja-verbal-deixis,beja,verbal-deixis,Centripetal Movement (lit. 'in our direction'),,o:n mari(-i),
bhojpuri-noun-classification,bhojpuri,noun-classification,CLASSIFIER,,t̩ho,
bhojpuri-number,bhojpuri,number,PLURAL marker for animates / PLURAL marker for inanimates,,man / sab,
bhojpuri-tense,bhojpuri,tense,PRESENT / PAST ('IMPERFECT'),,bāt̩ / rahnā,
bislama-aspect,bislama,aspect,COMPLETIVE Aspect,,finis,
bolivianquechua-copulaic,bolivianquechua,copulaic,"EXISTENTIAL ('to be', 'to live')",,tiya-,
brazilianportuguese-aspect,brazilianportuguese,aspect,HABITUAL,,viver,
budugh-valency-change,budugh,valency-change,CAUSATIVE,,vowel change in stem (low back V to high front V),
bulgarian-modality,bulgarian,modality,IRREALIS marker (verbal proclitic),,da,
bulgarian-tense,bulgarian,tense,FUTURE aux/PARTICLE,,šte,
catalan-aspect,catalan,aspect,COMPLETIVE (aux),,acabar,
catalan-tense,catalan,tense,PAST,,ir,
catalan-verbal-deixis,catalan,verbal-deixis,ANDATIVE,,anar,
cherokee-tense,cherokee,tense,FUTURE,,t(a)-,
chorasmian-modality,chorasmian,modality,POTENTIAL (particle),,=k,
creolese-pronoun-proverb,creolese,pronoun-proverb,RECIPROCAL,,matii,
croatianserbian-conjunction,croatianserbian,conjunction,COMPLEMENTIZER,,da,
croatianserbian-modality,croatianserbian,modality,PROHIBITIVE aux,,nemoj,
czech-valency-change,czech,valency-change,recipient PASSIVE,,dostat,
dakhinihindi-pronoun-proverb,dakhinihindi,pronoun-proverb,PERSONAL PRONOUN (1 person inclusive),,āpan,
dakhinihindi-relativization,dakhinihindi,relativization,RELATIVIZER,,so,
dakhinihindi-verbal-categories-other,dakhinihindi,verbal-categories-other,QUOTATIVE marker,,bolke,
diuindoportuguese-case-adposition,diuindoportuguese,case-adposition,DATIVE marker,,pə,
diuindoportuguese-number,diuindoportuguese,number,PLURAL,,tud,
diuindoportuguese-possession,diuindoportuguese,possession,POSSESSIVE PRONOUN,,del,
earlyjudeopersian-tense,earlyjudeopersian,tense,FUTURE,,be-,
earlysranan-aspect,earlysranan,aspect,PROGRESSIVE,,de,
eastkhantic-case-adposition,eastkhantic,case-adposition,ERGATIVE case,,-na,
ecuadorianquichua-verbal-categories-other,ecuadorianquichua,verbal-categories-other,purpose of motion (associated motion),,-gri-,
emai-aspect,emai,aspect,against' ('momentary impact'),,gbe,
emai-case-adposition,emai,case-adposition,"(on the) bottom of' / DATIVE/ALLATIVE marker/prep. / (on)to/against' ('affixed attachment') / in, into' ('inclusive attachment') / to the end/top' ('terminal achievement'; postverbal)",,òtɔ̀ì / ye / baa / ze / so,
emai-conjunction,emai,conjunction,('correlative') conjunction,,khì,
emai-identity,emai,identity,'same',,ɔ̀kpá,
emai-information-structure-devices,emai,information-structure-devices,exhaustive (discourse) particle ('only'),,ɔ̀kpá,
emai-modality,emai,modality,carefully / deliberately',,degbè / dabɔ̀,
emai-negative,emai,negative,"try, feign, pretend' ('cancel event occurence')",,fee ghoo,
emai-noun-classification,emai,noun-classification,MALE / FEMALE,,ɔ́mɔ̀hè / òkpòsò,
emai-other,emai,other,inside' / against' ('oblique contact') / onto' ('suspended attachment') / emphatic subject REFLEXIVE / 'up',,ɛ́kɛ́ìn / gɔn / khuan / dobɔ̀ / úhùnmì,
emai-pronoun-proverb,emai,pronoun-proverb,RECIPROCAL PRONOUN / Pro-Verb / INDEFINITE Pro,,égbè / u / émì,
emai-quantification,emai,quantification,'too much' ('excessive quantitive achievement') / a lot' ('absolute quantitative intensification'),,gbe / zemi,
emai-valency-change,emai,valency-change,REFLEXIVE PRONOUN / CAUSATIVE,,égbè / rɛ,
emai-verbal-categories-other,emai,verbal-categories-other,in vain' (deactivate event fulfilment: adverbial),,ba kun,
emai-verbal-deixis,emai,verbal-deixis,VENITIVE,,re,
emai-word-class-change,emai,word-class-change,together' ('COLLECTIVE'),,gba,
estonian-case-adposition,estonian,case-adposition,COMITATIVE,,=ga,
estonian-evidential,estonian,evidential,"""oblique mood"" (EVIDENTIAL)",,-va(-t),
even-agreement,even,agreement,POSSESSIVE AGREEMENT (here: 1SG) / (Verbal) Subject AGREEMENT (here: 1SG),,"-w,-u,-bu / -m",
even-aspect,even,aspect,PROGRESSIVE,,-d'-,
even-case-adposition,even,case-adposition,DATIVE-LOCATIVE / COMITATIVE ('by the side of') / LOCATIVE / DESIGNATIVE Case,,-du / -gi.li / -lA / -gA,
even-modality,even,modality,DESIDERATIVE / (distant) IMPERATIVE,,-sči- / -dA,
even-negative,even,negative,MODALITY marker (‚not want'),,ba-,
even-noun-classification,even,noun-classification,numeral CLASSIFIER,,-ndu,
even-number,even,number,PLURAL,,-l,
even-pronoun-proverb,even,pronoun-proverb,3SG PRONOUN,,noŋan,
even-tense,even,tense,FUTURE,,-d'i-,
even-valency-change,even,valency-change,PASSIVE voice / CAUSATIVE,,"-w-, -m- / -wkAn",
even-verbal-categories-other,even,verbal-categories-other,PREVENTIVE,,-k(A),
even-verbal-deixis,even,verbal-deixis,VENTIVE,,-ne-,
evenki-aspect,evenki,aspect,ATTENUATIVE,,-soo-,
finnish-case-adposition,finnish,case-adposition,COMPARATIVE / postposition 'until' / INESSIVE case,,-mpa / saa(-kka) / -ssA (?),
finnish-conjunction,finnish,conjunction,CONDITIONAL mood,,-i,
finnish-definiteness,finnish,definiteness,INDEFINITE article,,yksi,
finnish-modality,finnish,modality,IMPERATIVE (2SG) / POTENTIALIS,,< -' > / lie-,
finnish-other,finnish,other,INTERROGATION,,=kO,
finnish-word-class-change,finnish,word-class-change,VERBALIZER / INFINITIVE marker / Deriving Adj from Verbals,,"-ta-, -t.ta- / -a, -ä / -ke-",
french-modality,french,modality,HORTATIVE (invariable) (1st person plural),,allons,
french-pronoun-proverb,french,pronoun-proverb,INDEFINITE PRONOUN,,on,
garhwali-case-adposition,garhwali,case-adposition,ERGATIVE case marker / ABLATIVE,,"le/-l / bāt̩i, bāt̩",
garhwali-verbal-categories-other,garhwali,verbal-categories-other,QUOTATIVE marker,,bal,
german-conjunction,german,conjunction,PURPOSE preposition / COMPLEMENTIZER (with finite clauses) / adverbial clause marker,,zu / dass / wo,
german-definiteness,german,definiteness,DEFINITE ARTICLE / INDEFINITE article (here: masculine),,der / ein,
german-modality,german,modality,SUBJUNCTIVE (periphrastic SUBJUNCTIVE) / MODAL particle (implying shared knowledge),,würde / doch,
german-other,german,other,'succeed' / EXCLAMATION,,kriegen / Mann,
german-possession,german,possession,attributive POSSESSION (preposition),,von,
german-pronoun-proverb,german,pronoun-proverb,INDEFINITE PRONOUN / INDEFINITE PRONOUN (-NOM.SG.M) / 'you' (PERSONAL PRONOUN 2SG/PL HONORIFIC),,man / ein(-er) / Sie,
german-relativization,german,relativization,RELATIVIZER (RELATIVE PRONOUN) / RELATIVIZER (RELATIVE PRONOUN),,welcher / der,
german-tense,german,tense,PAST / FUTUTRE aux,,(ge-...-t) haben / werden,
german-valency-change,german,valency-change,PASSIVE aux / PASSIVE aux (recipient passive) / ANTICAUSATIVE,,(ge-...-t) werden / bekommen / sich,
german-word-class-change,german,word-class-change,INFINITIVE marker,,zu,
guadelopeancreole-pronoun-proverb,guadelopeancreole,pronoun-proverb,OBJECT PRONOUN,,mwen,
guineabissaukriyol-definiteness,guineabissaukriyol,definiteness,INDEFINITE ARTICLE,,utru,
guyanais-pronoun-proverb,guyanais,pronoun-proverb,RECIPROCAL,,kompannyen,
haitiancreole-aspect,haitiancreole,aspect,PROGRESSIVE / HABITUAL,,ap / konn,
haitiancreole-definiteness,haitiancreole,definiteness,DEFINITE ARTICLE,,=la,
haitiancreole-number,haitiancreole,number,PLURAL (particle),,yo,
hindi-aspect,hindi,aspect,DURATIVE continuative / PROGRESSIVE / HABITUAL /FREQUENTATIVE / TERMINATIVE / INCHOATIVE,,rahnā / rahnā / karnā / cuknā / lagnā,
hindi-case-adposition,hindi,case-adposition,ABLATIVE / DATIVE case marker / ACCUSATIVE case marker / ERGATIVE case marker / 'by (means of)' / behind (SPATIAL postposition) / near (SPATIAL postposition),,se / ko / ko / ne / dvārā / pīcche / pās,
hindi-conjunction,hindi,conjunction,"alternative QUESTION marker ('or') / CONJUNCTION ('then, so') / CONVERB marker",,"ki / to / -kar, -ke",
hindi-information-structure-devices,hindi,information-structure-devices,"FOCUS, EMPHATIC marker (of possessor) / TOPIC (Contrastive topic particle)",,apnī / to,
hindi-modality,hindi,modality,"constraining OBLIGATION ('be obliged to, have to') / Specific DEONTIC OBLIGATION 'must' / default POSSIBILITY 'can, may' / POSSIBILITY mood ""can"" ""succeed"" / ABILITY mood ""be able"" / OBLIGATION ""should""",,paṛnā / honā / saknā / pānā / ānā / cāhie,
hindi-possession,hindi,possession,GENITIVE marker,,kā,
hindi-pronoun-proverb,hindi,pronoun-proverb,PERSONAL PRONOUN (2. person HONORIFIC),,āp,
hindi-relativization,hindi,relativization,RELATIVIZER (Correlative after a relative),,to,
hindi-tense,hindi,tense,FUTURE (suffix),,-gā,
hindi-valency-change,hindi,valency-change,REFLEXIVE 'self' / INTRANSITIVE/MEDIO-PASSIVE marker / TRANSITIVITY/CAUSATIVE marker / PERMISSIVE CAUSATION aux / PASSIVE voice marker (transitive and intransitive),,apne / honā / karnā / denā / jānā,
hoocak-agreement,hoocak,agreement,first person DUAL/PLURAL (inclusive) UNDERGOER prefix,,"wąągá-, wąągá-...-wi",
hoocak-aspect,hoocak,aspect,CONTINUATIVE aspect / CONTINUATIVE aspect / FREQUENTATIVE,,-he / =(h)ak/=(h)ąk / =ke,
hoocak-case-adposition,hoocak,case-adposition,general LOCATIVE postposition / INSTRUMENTAL prefix ('by hand'),,eeja / ru-,
hoocak-conjunction,hoocak,conjunction,SUBORDINATOR (CONTINUATIVE) / SUBORDINATOR (SIMULTANITY),,=ga / ='ų,
hoocak-definiteness,hoocak,definiteness,DEFINITE ARTICLE / INDEFINITE ARTICLE,,=ra / =(h)ižą,
hoocak-evaluative,hoocak,evaluative,DIMINUTIVE marker,,"=nįk, =įk",
hoocak-information-structure-devices,hoocak,information-structure-devices,FOCUS marker / TOPIC marker,,=ži / =gi,
hoocak-modality,hoocak,modality,IMPERATIVE marker,,=re,
hoocak-noun-classification,hoocak,noun-classification,FEMALE (sexus marker for proper names) / PROPER NAME marker,,-wį / =ga,
hoocak-number,hoocak,number,PLURAL marker (SAP),,-wi,
hoocak-pronoun-proverb,hoocak,pronoun-proverb,"PERSONAL PRO (3rd person, emphatic)",,'ee,
hoocak-verbal-categories-other,hoocak,verbal-categories-other,QUOTATIVE marker,,=že/=še,
hoocak-word-class-change,hoocak,word-class-change,ADVERBIALIZER (TEMPORAL),,=re,
huanca-definiteness,huanca,definiteness,DEFINITE DETERMINER,,"-kaʔ, -ka:",
hungarian-case-adposition,hungarian,case-adposition,SUPERESSIVE,,-(V)n,
hungarian-definiteness,hungarian,definiteness,DEFINITE article,,a/z,
hungarian-other,hungarian,other,"inside, interior' / TEMPORAL marker",,bel- / =kor,
hungarian-tense,hungarian,tense,FUTURE aux,,fog,
italian-aspect,italian,aspect,change of state / HABITUAL,,andare / andare,
italian-conjunction,italian,conjunction,marker of adverbial  (temporal) clause,,quando,
italian-modality,italian,modality,succeed' / ABILITY,,arrivare / arrivare,
italian-pronoun-proverb,italian,pronoun-proverb,"personal pronoun, 3SG.M / pro-verb / personal pronoun '(to) us/ourselves'",,"lui, egli / fare / ci",
italian-relativization,italian,relativization,RELATIVIZER,,dove,
italian-valency-change,italian,valency-change,"PASSIVE (+ PAST.PARTICIPLE/INF) (e.g., si vide. RFL see.PST.3SG/si videro RFL see.PST.3PL)",,veder-si (+V),
jamaican-tense,jamaican,tense,PAST,,wehn,
japhug-aspect,japhug,aspect,PAST IMPERFECTIVE marker,,"pɯ-, pjɤ-",
japhug-case-adposition,japhug,case-adposition,(3SG-) DATIVE marker / COMITATIVE,,ɯ-ɕki / ɯ-rca,
japhug-conjunction,japhug,conjunction,alternative CONJUNCTION 'whether' / PURPOSIVE linker (SUBORDINATOR) / PURPOSIVE linker (SUBORDINATOR) / CAUSAL SUBORDINATOR ('for this reason') / CONDITIONAL (SUBORDINATOR),,me / ɯspa / nɯmga / núndʐa / apɯŋu,
japhug-evaluative,japhug,evaluative,DIMINUTIVE,,-pɯ,
japhug-evidential,japhug,evidential,SENSORY prefix (EVIDENTIAL: knowledge mediated through observation or second hand) / EGOPHORIC prefix (EVIDENTIAL: personally experienced knowledge),,ɲɯ- / ku-,
japhug-information-structure-devices,japhug,information-structure-devices,delimitive TOPIC marker / aforementioned TOPIC marker / FOCUS,,pɯpɯŋunɤ / jiɕqha / ŋu,
japhug-number,japhug,number,DUAL clitic,,=ni,
japhug-other,japhug,other,INTENSIVE(-REFLEXIVE),,-ʑo,
japhug-pronoun-proverb,japhug,pronoun-proverb,PERSONAL PRO (3rd person) / INDEFINITE PRONOUN,,nɯ / tɯrme,
japhug-valency-change,japhug,valency-change,ANTIPASSIVE voice marker / REFLEXIVE / periphrastic CAUSATIVE,,rɤ- / -ʑɣɤ- / sɯβzu,
japhug-verbal-categories-other,japhug,verbal-categories-other,UNEXPECTEDNESS marker,,rcanɯ,
japhug-verbal-deixis,japhug,verbal-deixis,ANDATIVE prefix / VENITIVE prefix,,"ɕɯ-, ɕ-, s-, z- / ɣɯ-",
jubaarabic-valency-change,jubaarabic,valency-change,CAUSATIVE,,amulu,
jula-possession,jula,possession,GENITIVE (alienable) postposition,,tá,
ket-agreement,ket,agreement,Adjective PLURAL AGREEMENT marker / 3rd PERSON AGREEMENT marker / Nominal Subject AGREEMENT Suffix,,-ŋ / -jə / -du,
ket-aspect,ket,aspect,STATIVE-RESULTATIVE Circumfix / ITERATIVE / ITERATIVE for transitive verbs,,-ja- + -aj / -iŋ / -bɛt,
ket-case-adposition,ket,case-adposition,DATIVE / CARITIVE case marker / between' (postposition) / top of,,-a / -an / =bal= / =ʌʌd=,
ket-conjunction,ket,conjunction,CONDITIONAL / subordinate clause suffix (temporal subordinator) / COMPLEMENTIZER,,sim / -kupka / bila,
ket-modality,ket,modality,OPTATIVE,,qān,
ket-number,ket,number,"Event PLURALITY / PLURAL, PLURACTIONAL marker",,-(V)ŋ / -ŋ,
ket-relativization,ket,relativization,RELATIVIZER,,qorɛ,
ket-tense,ket,tense,PAST / PROX FUTURE,,-in / qam,
ket-valency-change,ket,valency-change,TRANSITIVIZER for motion verbs / (INCEPTIVE) CAUSATIVE,,-k- / -q-...-it,
ket-word-class-change,ket,word-class-change,INFINITIVE,,ø,
khmer-aspect,khmer,aspect,COMPLETIVE / PERFECTIVE / INCREMENTAL DEVELOPMENT / CONTINUOUS,,cɔp / haǝy / tɤ̀u / nɤ̀u,
khmer-case-adposition,khmer,case-adposition,"ALLATIVE / until' / preposition indicating DIRECTION to GOAL near speaker / in the function of, as' (preposition) / COMITATIVE marker / ACCORDING TO (preposition) / SPATIAL ALONG/PATH / INSTRUMENTAL (used only with vehicles) / INSTRUMENTAL (general) / MATERIAL (in the sense of 'made of') / BENEFACTIVE (preposition) / DATIVE / ALLATIVE / LOCATIVE preposition / 'together'/COMITATIVE / LOCATIVE marker (prefix of relational noun) / INSTRUMENTAL marker",,dɔl / dɔl / mɔ̀:k / cì:ǝ / cì:ǝ / ta:m / ta:m / ta:m / daoy / daoy / Ɂaoy / Ɂaoy / tɤ̀u / nɤ̀u / cì:ǝmù:ǝynɯ̒ŋ / kha:ŋ- / yɔ̀:k,
khmer-conjunction,khmer,conjunction,CONCESSIVE / CONSECUTIVE / COORDINATIVE particle 'and' / adverbial SUBORDINATOR: CAUSE / PURPOSE / MANNER / COMPLEMENTIZER,,cì:ǝ / rù:ǝc / haǝy(-nɯ̒ŋ) / daoy / Ɂaoy / Ɂaoy / Ɂaoy,
khmer-definiteness,khmer,definiteness,DEFINITENESS / INDEFINITNESS,,nùh / mù:ǝy,
khmer-modality,khmer,modality,ABILITY / PERMISSIVE / POSSIBILITY / succeed' / HORTATIVE,,ba:n / ba:n / ba:n / ba:n / tɤ̀u,
khmer-noun-classification,khmer,noun-classification,CLASSIFIER,,kba:l,
khmer-other,khmer,other,EGRESSIVE (DIRECTIONAL verb),,ceɲ,
khmer-possession,khmer,possession,POSSESSION marker,,rǝbɔh,
khmer-tense,khmer,tense,TEMPORAL adverbial / PAST,,dɔl / ba:n,
khmer-valency-change,khmer,valency-change,INTENSIFIER-REFLEXIVE / CAUSATIVE / CAUSATIVE,,khlu:ǝn / thvɤ̀ / Ɂaoy,
khmer-verbal-categories-other,khmer,verbal-categories-other,QUOTATIVE marker / QUOTATIVE marker,,cì:ǝ / tha:,
khmer-verbal-deixis,khmer,verbal-deixis,VENITIVE (DIRECTIONAL verb) / ANDATIVE (DIRECTIONAL verb),,mɔ̀:k / tɤ̀u,
khmer-word-class-change,khmer,word-class-change,"derivational marker (of many adverbs, ""ADVERBIALIZER"") / marker of adverbials (""ADVERBIALIZER"")",,cì:ǝ / daoy,
kitamaninka-aspect,kitamaninka,aspect,PERFECT suffix (for inTRANSITIVE) / PERFECT predicative marker (for TRANSITIVE),,-nín / nànín,
kitamaninka-tense,kitamaninka,tense,PAST,,tèré,
korean-aspect,korean,aspect,PROGRESSIVE / INCHOATIVE / HABITUAL / COMPLETIVE Aspect / RESULTATIVE (+HON) / CONTINUATIVE aux / Change-of-State / COMPLETIVE (aux) / HABITUAL aux,,-ko.iss- / -e.ci- / -kon.ha- / -e.mek- / -ko.iss- / -e.o- / -e.ka- / e.noh- / -ko.ancass,
korean-case-adposition,korean,case-adposition,"DATIVE/LOCATIVE / NOMINATIVE (Honorific) / ABLATIVE (postposition) / INSTRUMENTAL / BENEFACTIVE / along, according to' / Behind (Spatial postposition) / BENEFACTIVE / ALLATIVE postposition / COMPARATIVE marker ('than') / Similative connective ('as') / Similative / LOCATIVE postposition (near, next to, at)",,-ey / -kkeyse / -pwuthe / -(ul)kac(i)ko / -(ul)wihay / -(ul/ey) ttala / -(uy).twiey / -e.cwu- / -poko / -pota / -tasiphi / -chelem / (-uy) yephey,
korean-conjunction,korean,conjunction,COMPLEMENTIZER (Declarative) / COMPLEMENTIZER / Cause/Reason Subordinator / after (TEMPORAL Conjunction) / Cause/Reason subordinator,,-tako / -l kes / -ntey / -n.twiey / -e.kacko,
korean-copulaic,korean,copulaic,COPULA,,i-,
korean-evaluative,korean,evaluative,DIMINUTIVE SUFFIX / PEJORATIVE (Derivational Suffix),,"-aci,-akwi / -meli",
korean-evidential,korean,evidential,Inferential EVIDENTIALITY / Inferential EVIDENTIALITY,,-l.tus.ha- / -na/kka.siph-,
korean-identity,korean,identity,identicality ('same'),,han,
korean-information-structure-devices,korean,information-structure-devices,TOPIC PRESENTATION,,-ketun,
korean-modality,korean,modality,Dissatisfaction (delimiting particle) / DESIDERATIVE / PROHIBITIVE / OBLIGATION / SUGGESTIVE / POSSIBILITY / CERTAINTY / (strong) INTENTION / (tentative) INTENTION / INTENTION / OBLIGATION MODAL aux / Promissive ('sentence-ender'),,-(i)nama / -ko.siph- / -myen.an.toy- / -nun.pep.i- / -myen.toy- / -l.swu(to).iss- / thullim.eps- / -l.they- / -lkka.po- / -lye(ko)ha- / -(e)ya.ha- / -l.key,
korean-noun-classification,korean,noun-classification,CLASSIFIER (for animals!) / CLASSIFIER (handful),,mali / son,
korean-other,korean,other,Counterexpectation' ('[not] even') / Counterexpectation,,-cocha / -mace,
korean-possession,korean,possession,GENITIVE,,-uy,
korean-pronoun-proverb,korean,pronoun-proverb,Pers PRON 2SG HON / Pers PRON 1SG HUM / Pers PRON 2SG HON / subject honorification / addressee honorification / Pro-Verb / Pers Pro 3SG,,"kutuy / sosin / imca / -si- / -sAp-, -zAp-, -cAp, -Ap- / ha- / i.salam",
korean-quantification,korean,quantification,"APPROXIMATIVE quantifier ('about', 'some')",,han,
korean-relativization,korean,relativization,RELATIVIZER (Participle-formant),,-n,
korean-tense,korean,tense,PAST / FUTURE,,-eys- / -l.kesi-,
korean-valency-change,korean,valency-change,CAUSATIVE / PASSIVE / PASSIVE,,-key.ha- / -pat- / -e.ci-,
korean-verbal-categories-other,korean,verbal-categories-other,AVERTIVE / PREVENTIVE (APPREHENSIONAL),,-l.ppen.ha- / -lkkapwa,
korean-verbal-deixis,korean,verbal-deixis,ANDATIVE (PROGRESSIVE),,-e.ka-,
korean-word-class-change,korean,word-class-change,"NOMINALIZER / NOMINALIZER (state of x [undesirable situation]), mermaid construction",,kes / cikyeng,
kott-agreement,kott,agreement,Verbfinal Subject AGREEMENT,,"-aŋ, -u, -toŋ, -oŋ",
kott-case-adposition,kott,case-adposition,LOCATIVE case Suffix,,-(ŋ)ha:t,
koyaga-modality,koyaga,modality,INTENTION MODAL aux,,kó,
kryz-aspect,kryz,aspect,PROGRESSIVE,,-ra ʕaǯa,
kryz-other,kryz,other,derivational marker for ordinal numerals,,liji,
kryz-tense,kryz,tense,FUTURE,,-ija,
kryz-valency-change,kryz,valency-change,CAUSATIVE aux,,vujiz,
kurdishkurmanji-definiteness,kurdishkurmanji,definiteness,INDEFINITE,,-ek,
kurdishsorani-definiteness,kurdishsorani,definiteness,DEFINITE article/marker,,-ak,
lezgian-aspect,lezgian,aspect,PERFECT / CONTINUATIVE PRESENT / REPETITIVE,,"-nwa / -zma / q(i)-, χ(u)-, -χ-",
lezgian-case-adposition,lezgian,case-adposition,BENEFACTIVE postposition,,pataldi,
lezgian-conjunction,lezgian,conjunction,COMPLEMENTIZER,,luhuz,
lezgian-definiteness,lezgian,definiteness,INDEFINITE Pronoun marker,,xajit'a꞊ni,
lezgian-evidential,lezgian,evidential,hearsay EVIDENTIALITY,,-lda,
lezgian-negative,lezgian,negative,reinforced negative Pronoun,,sa,
lezgian-tense,lezgian,tense,AORIST,,-na,
lezgian-valency-change,lezgian,valency-change,ANTICAUSATIVE,,xun,
lezgian-verbal-categories-other,lezgian,verbal-categories-other,VERIFICATIVE,,(-t'a) akːʷ-,
lezgian-word-class-change,lezgian,word-class-change,INFINITIVE,,-z,
lowersorbian-copulaic,lowersorbian,copulaic,EXISTENTIAL COPULA,,daś,
lowersorbian-modality,lowersorbian,modality,HORTATIVE,,daś,
luri-number,luri,number,PLURAL suffix,,-gal,
macedonian-conjunction,macedonian,conjunction,concessive (conjunction),,neka,
macedonian-definiteness,macedonian,definiteness,Enclitic ARTICLE,,-ov,
makassarese-definiteness,makassarese,definiteness,DEFINITE article,,-a,
manchu-verbal-categories-other,manchu,verbal-categories-other,DIRECTIONAL,,-ŋgi,
mandarin-aspect,mandarin,aspect,"RESULTATIVE complement ('-finish') / PERFECTIVE suffix / sentence-final PERFECT particle / DURATIVE suffix, IMPERFECTIVE suffix / PROGRESSIVE aspect marker / EXPERIENTIAL aspect suffix / RESULTATIVE complement / RESULTATIVE complement / RESULTATIVE (PERFECTIVE) complement",,wán < 完 > / -le <了 > / le <了 > / -zhe < 着 > / zài < 在 > / -guo < 过(過) > / dào < 到 > / jiàn < 见 > / shàng < 上 >,
mandarin-case-adposition,mandarin,case-adposition,"coverb, CAUSATIVE marker, disposal marker, etc. / LOCATIVE preposition / preposition/coverb 'until, til' / preposition/coverb 'to, for' / COMITATIVE marker / preposition/coverb 'behind, following' (in 'gēn-zhe') / postposition or relational noun (for time/space marking) / preposition/coverb 'with back to' (in 'bèi-zhe')",,bǎ < 把 > / zài < 在 > / dào < 到 > / gěi < 给 > / gēn < 跟 > / gēn < 跟 > / shàng < 上 > / bèi < 背 >,
mandarin-copulaic,mandarin,copulaic,"COPULA (& FOCUS marker, verbal anaphor 'be so')",,shì < 是 >,
mandarin-modality,mandarin,modality,"modal auxiliary (dynamic, deontic, epistemic) / modal auxiliary (dynamic, deontic, epistemic) / POTENTIAL marker",,yào < 要 > / néng < 能 > / de < 得 >,
mandarin-noun-classification,mandarin,noun-classification,numeral CLASSIFIER / numeral CLASSIFIER / numeral CLASSIFIER / numeral CLASSIFIER / general numeral CLASSIFIER,,bǎ < 把 > / shŏu < 手 > / tóu < 头 > / shēn < 身 > / gè < 个 >,
mandarin-pronoun-proverb,mandarin,pronoun-proverb,pronoun (3rd or 1st),,rén < 人 >,
mandarin-quantification,mandarin,quantification,"all, whole'",,yi <一 >,
mandarin-tense,mandarin,tense,FUTURE auxiliary / modal auxiliary (epistemic NECESSITY > FUTURE),,yào < 要 > / huì < 会(會) >,
mandarin-valency-change,mandarin,valency-change,"PASSIVE marker, coverb / CAUSATIVE, PASSIVE",,bèi < 被 > / gěi < 给 >,
mandarin-verbal-deixis,mandarin,verbal-deixis,VENITIVE DIRECTIONAL marker / VENITIVE DIRECTIONAL marker,,lái < 来 > / qù < 去 >,
mandinka-agreement,mandinka,agreement,person AGREEMENT marker,,"ŋà, ŋá",
mandinka-aspect,mandinka,aspect,INCOMPLETIVE marker (HABITUAL situation) / INCHOATIVE aux / PROXIMATIVE (aux verb),,kà / bòyí / làfí,
mandinka-case-adposition,mandinka,case-adposition,'in contact with' (postposition) / SPATIAL postposition ('at N's place') / SPATIAL postposition 'under' / multifunctional postposition (e.g. INSTRUMENTAL) / 'except',,bálá / yǎa / kɔ́rɔ́ / lá / fó,
mandinka-conjunction,mandinka,conjunction,"conjunction/preposition 'like' / non-finite verbal suffix (COMPLEMENTIZER of MODAL verbs) / COMPLEMENTIZER / TEMPORAL SUBORDINATOR 'as soon as' / SUBORDINATOR 'whereas' / saying that', 'under the pretext that', 'on the ground that' (quotative subordinator) / PURPOSE (conjunction)",,kó / -lá / kó / dóróŋ / à yè à tàrá / kó / ko,
mandinka-copulaic,mandinka,copulaic,COPULA,,yé,
mandinka-definiteness,mandinka,definiteness,(default clitic) DETERMINER / (default clitic) DETERMINER / DEFINITE marker ('the N in question'),,=ò / =ŋ̀ / à,
mandinka-modality,mandinka,modality,OBLIGATION marker / INTENTION (aux verb),,fó / làfí,
mandinka-number,mandinka,number,PLURAL suffix,,-lú,
mandinka-other,mandinka,other,INTERROGATIVE marker,,fó,
mandinka-possession,mandinka,possession,GENITIVE (alienable) postposition / H-POSSESSIVE (verb),,lá / sòtó,
mandinka-quantification,mandinka,quantification,INDEFINITE determiner 'some',,dóo,
mandinka-relativization,mandinka,relativization,RELATIVIZER,,"mɛ̂n, mîn",
mandinka-tense,mandinka,tense,PAST,,nǔŋ,
mandinka-valency-change,mandinka,valency-change,CAUSATIVE / ANTIPASSIVE /NOMINALIZER suffix,,-ndí / -rí,
mandinka-verbal-categories-other,mandinka,verbal-categories-other,IMMINENCE aux 'be about to',,kó,
mandinka-verbal-deixis,mandinka,verbal-deixis,centripetal marker / VENITIVE (adverb),,nǎŋ / nǎŋ,
maninkamori-aspect,maninkamori,aspect,PERFECT predicative marker / COMPLETIVE (TAM-marker),,"bárá, bádá / bárá, bádá",
mauritiancreole-case-adposition,mauritiancreole,case-adposition,DATIVE (particle),,"avek, ek",
mian-agreement,mian,agreement,SUBJ AGREEMENT (2./3.PL.) suffix,,-ib,
mian-aspect,mian,aspect,'keep doing' / CONTINUATIVE / COMPLETIVE / PERFECTIVE,,be- / -bi / deibo᷈ / -lo,
mian-case-adposition,mian,case-adposition,SPATIAL marker 'in' / LOCATIVE / 'behind' (adposition),,tem / -daa / dǎang,
mian-definiteness,mian,definiteness,DEFINITE ARTICLE,,=e,
mian-noun-classification,mian,noun-classification,MALE (uninflected modifier) / FEMALE (uninflected modifier),,naka / unǎng,
mian-other,mian,other,'on' (SPATIAL/TEMPORAL) / SWITCH-REFERENCE,,dim / -b,
mian-possession,mian,possession,(predicative) POSSESSION marker,,dim=o bi,
mian-pronoun-proverb,mian,pronoun-proverb,PERSONAL PRO (3rd person),,é,
mian-tense,mian,tense,HESTERNAL PAST / (NON-HESTERNAL) PAST,,-so / -bio,
mian-valency-change,mian,valency-change,APPLICATIVE,,-ub,
mian-verbal-categories-other,mian,verbal-categories-other,QUOTATIVE,,ge,
middlepersian-conjunction,middlepersian,conjunction,COMPLEMENTIZER,,kū,
middlepersian-tense,middlepersian,tense,FUTURE,,kām-,
mohawk-case-adposition,mohawk,case-adposition,"BENEFACTIVE (HABITUAL) / BENEFACTIVE / LOCATIVE ('in, into')",,-awi / -ni / -akon,
mohawk-conjunction,mohawk,conjunction,COMPLEMENTIZER,,ne,
mohawk-definiteness,mohawk,definiteness,DEFINITE ARTICLE,,"ne, n",
mohawk-evaluative,mohawk,evaluative,Augmentative,,=kó:wa,
mohawk-evidential,mohawk,evidential,EVIDENTIAL (hearsay),,ia:ken,
mohawk-modality,mohawk,modality,(internal ABILITY) modal marker,,-kwé:ni',
mohawk-number,mohawk,number,PLURAL (allomorph),,=okon'a,
mohawk-valency-change,mohawk,valency-change,MEDIO-PASSIVE (middle voice) / CAUSATIVE / APPLICATIVE,,-at- / -hst / hkw-,
mohawk-word-class-change,mohawk,word-class-change,derivational marker (for places),,-akon,
mori-number,mori,number,associative PLURAL marker (with personal names and kin terms),,ondae,
nanai-negative,nanai,negative,NEG suffix,,"-e-, -a-",
nanai-number,nanai,number,PLURAL,,"-sal, -sel",
nanai-verbal-categories-other,nanai,verbal-categories-other,QUOTATIVE (enclitic),,=(j)Am,
negerhollands-aspect,negerhollands,aspect,COMPLETIVE Aspect,,kā,
negerhollands-tense,negerhollands,tense,FUTURE,,lo,
newpersian-aspect,newpersian,aspect,PROXIMATIVE / PROXIMATIVE,,rav- / xwāh,
newpersian-case-adposition,newpersian,case-adposition,marker (clitic) of DEFINITE direct objects,,=rā,
newpersian-information-structure-devices,newpersian,information-structure-devices,FOCUS marker (clitic),,=rā,
newpersian-modality,newpersian,modality,"modal prefix, today SUBJUNCTIVE",,be-,
newpersian-noun-classification,newpersian,noun-classification,FEMALE,,zan,
newpersian-number,newpersian,number,PLURAL suffix,,-hā,
newpersian-other,newpersian,other,“ezâfe” (clitic linking head noun to depending elements) / INTENSIVE-REFL,,=e / tan,
newpersian-possession,newpersian,possession,'have',,dār-,
newpersian-tense,newpersian,tense,PRESENT tense affix / FUTURE,,mī- / xwāh,
newpersian-valency-change,newpersian,valency-change,PASSIVE (MEDIO-PASSIVE light verb),,šod,
newpersianafghan-aspect,newpersianafghan,aspect,CONTINUOUS,,raw-,
northjuninquechua-aspect,northjuninquechua,aspect,PERFECTIVE aspect,,"-ru, -ra",
northjuninquechua-verbal-categories-other,northjuninquechua,verbal-categories-other,with special attention (INTENSIVE),,-y(k)u,
nyigina-aspect,nyigina,aspect,PROGRESSIVE marker,,-arnda,
nyigina-case-adposition,nyigina,case-adposition,until' (postposition),,-yibur(u),
nyulnyul-aspect,nyulnyul,aspect,Change of State (Preverb) / CONTINUOUS,,"-jid / -na, -n",
nyulnyul-copulaic,nyulnyul,copulaic,COPULA (POSSESSIVE),,jirr,
nyulnyul-definiteness,nyulnyul,definiteness,INDEFINITE,,warinyjirr,
nyulnyul-identity,nyulnyul,identity,'same',,warinyjirr,
nyulnyul-possession,nyulnyul,possession,predicative POSSESSION ('have'),,-bakand,
ossetic-tense,ossetic,tense,TRANSITIVE PAST endings (here: 1SG.TR),,-t-,
ossetic-valency-change,ossetic,valency-change,PASSIVE (analytical PASSIVE),,cæu-,
pacaraosquechua-case-adposition,pacaraosquechua,case-adposition,"TERMINATIVE case marker ('until', 'as long as')",,-kama,
palenquero-aspect,palenquero,aspect,HABITUAL,,asé,
parthian-modality,parthian,modality,POTENTIAL,,"kar-, kird",
pashto-copulaic,pashto,copulaic,COPULA (here: 3SG M),,dəy,
persian-conjunction,persian,conjunction,general subordinator,,ke,
persian-noun-classification,persian,noun-classification,MALE,,mard,
persian-pronoun-proverb,persian,pronoun-proverb,PERSONAL PRO (3rd person),,ū,
persian-valency-change,persian,valency-change,CAUSATIVE / CAUSATIVE,,"kon-, kard / dā-",
pimabajo-agreement,pimabajo,agreement,AGREEMENT marker,,a=,
pimabajo-aspect,pimabajo,aspect,CONTINUOUS/PROGRESSIVE aspect / STATIVE suffix,,-im / -ka,
pimabajo-conjunction,pimabajo,conjunction,COMPLEMENTIZER / inflected subordinator,,-dam / ko,
pimabajo-definiteness,pimabajo,definiteness,DEFINITE DETERMINER / INDEFINITE ARTICLE 'a',,ɨg / (h)ɨmak,
pimabajo-evidential,pimabajo,evidential,EVIDENTIAL,,tua,
pimabajo-noun-classification,pimabajo,noun-classification,CLASSIFIER for pet POSSESSION,,soig,
pimabajo-number,pimabajo,number,PLURAL suffix on nouns,,-(i)m,
pimabajo-possession,pimabajo,possession,POSSESSIVE alienable marker / inalienable POSSESSION,,-ga / -di/-r,
pimabajo-pronoun-proverb,pimabajo,pronoun-proverb,PERSONAL PRO (3rd person),,(h)ɨg,
pimabajo-relativization,pimabajo,relativization,RELATIVIZER,,ɨbiga,
pimabajo-valency-change,pimabajo,valency-change,CAUSATIVE / CAUSATIVE / MIDDLE marker,,tar / -tua / a=,
pimabajo-verbal-categories-other,pimabajo,verbal-categories-other,QUOTATIVE (also: EVIDENTIAL/REPORTATIVE),,as [aš],
pimabajo-word-class-change,pimabajo,word-class-change,NOMINALIZER / ADJECTIVIZER,,-ka / -kam,
polish-agreement,polish,agreement,Verbal AGREEMENT,,-m,
polish-aspect,polish,aspect,(resultative) PERFECT,,mieć,
polish-valency-change,polish,valency-change,PASSIVE aux,,Zostać,
principense-tense,principense,tense,PAST,,tava,
quechuai-aspect,quechuai,aspect,PROGRESSIVE aspect,,"-yka(:)-, -ya(:)-",
quechuai-case-adposition,quechuai,case-adposition,ABLATIVE case marker / LOCATIVE case marker / behind' (SPATIAL postposition) / behind' (SPATIAL postposition),,-pita / -č̣aw / waša / waqta,
quechuai-conjunction,quechuai,conjunction,"CONJUNCTION (causal, consecutive, temporal) / COMPLEMENTIZER",,čay / ni-,
quechuai-identity,quechuai,identity,'same',,huk,
quechuai-other,quechuai,other,'upper part of body (positional meaning)',,uma,
quechuai-tense,quechuai,tense,after' (TEMPORAL postposition),,uša-,
quechuai-verbal-deixis,quechuai,verbal-deixis,VENITIVE,,-mu-,
quechuaii-agreement,quechuaii,agreement,PLURALIZER (for 1st and 3rd person),,-ku,
quechuaii-aspect,quechuaii,aspect,INCEPTIVE derivational marker,,ri-,
quechuaii-case-adposition,quechuaii,case-adposition,ABLATIVE case marker,,-manta,
quechuaii-noun-classification,quechuaii,noun-classification,FEMALE,,warmi,
quechuaii-number,quechuaii,number,(verbal) PLURAL (2nd person) / (verbal) PLURAL marker (1st and 3rd person),,-čik / -ku,
quechuaii-pronoun-proverb,quechuaii,pronoun-proverb,INDEFINITE PRON ('someone else'),,runa,
quechuaii-relativization,quechuaii,relativization,RELATIVIZER,,čay,
quechuaii-tense,quechuaii,tense,NARRATIVE PAST (with a mirative overtone),,-sqa,
ratahan-verbal-deixis,ratahan,verbal-deixis,VENITIVE marker,,mai,
romanian-tense,romanian,tense,FUTURE (spoken and informal registers) (+ subjunctive complementizer),,=o (+ să),
romansh-pronoun-proverb,romansh,pronoun-proverb,INDEFINITE MARKER,,ins,
russian-agreement,russian,agreement,Adjective inflection,,-(o/e)j + V,
russian-conjunction,russian,conjunction,Counterfactual CONDITIONAL,,"-i, -j",
russian-modality,russian,modality,MODAL aux ('can') / HORTATIVE particle / circumstantical MUST (acquisitive modal),,moč' / pust' / prixodit'sja,
russian-tense,russian,tense,FUTURE aux / GENERAL PAST,,budet / -l,
russian-valency-change,russian,valency-change,PASSIVE voice / CAUSATIVE aux,,-sja / dat',
russian-verbal-categories-other,russian,verbal-categories-other,INEXPECTATIVE (MODAL aux) / ANTIRESULTATIVE,,vzjat' / bylo (+ -l-),
rutul-conjunction,rutul,conjunction,because,,his xujnɨ,
rutul-modality,rutul,modality,HORTATIVE,,jɨq'a,
rutul-tense,rutul,tense,FUTURE,,-si,
semnani-agreement,semnani,agreement,verbal affix in PAST (here: 3SG),,=eš,
seychellescreole-aspect,seychellescreole,aspect,COMPLETIVE Aspect,,"fin, (i)n",
seychellescreole-case-adposition,seychellescreole,case-adposition,LOCATIVE (marker) / INSTRUMENTAL / PATIENT marker,,kot / pran / pran,
seychellescreole-conjunction,seychellescreole,conjunction,COMPLEMENTIZER,,pourdir,
seychellescreole-information-structure-devices,seychellescreole,information-structure-devices,FOCUS marker,,sa,
seychellescreole-number,seychellescreole,number,PLURAL (particle),,bann,
seychellescreole-pronoun-proverb,seychellescreole,pronoun-proverb,RECIPROCAL,,kanmarad,
seychellescreole-tense,seychellescreole,tense,FUTURE / PAST,,pou / ti,
seychellescreole-valency-change,seychellescreole,valency-change,PASSIVE,,ganny,
slovak-modality,slovak,modality,HORTATIVE aux,,nech,
sogdian-aspect,sogdian,aspect,TRANSITIVE PERFECT marker,,δˀr-,
sogdian-copulaic,sogdian,copulaic,COPULA,,(ə)xu,
sogdian-definiteness,sogdian,definiteness,DEFINITE ARTICLE (here: M),,(ə)xu,
sogdian-number,sogdian,number,PLURAL suffix,,-t,
sogdian-tense,sogdian,tense,FUTURE (prefix),,kām,
sogdian-valency-change,sogdian,valency-change,POTENTIAL for MIDDLE voice / PASSIVE,,bw-,
sogdianmanichean-aspect,sogdianmanichean,aspect,PROGRESSIVE,,skwn,
solomonislandspijin-case-adposition,solomonislandspijin,case-adposition,"'before', 'in front of'",,fastaem,
southernaymara-word-class-change,southernaymara,word-class-change,existential VERBALIZER,,-nk(a),
spanish-aspect,spanish,aspect,PERFECT marker / PROGRESSIVE / motion PROGRESSIVE periphrasis / CONTINUOUS / CONTINUOUS / CONTINUOUS,,haber / estar / andar / venir / ir / seguir,
spanish-case-adposition,spanish,case-adposition,DATIVE marker / marker of non-canonical Os (DOM) / PARTITIVE marker,,a / a / de,
spanish-conjunction,spanish,conjunction,COMPLEMENTIZER,,que,
spanish-definiteness,spanish,definiteness,INDEFINITE article  (M) / DEFINITE ARTICLE (F) / impersonal/INDEFINITE marker / IMPERSONAL/INDEFINITE marker / INDEFINITE ARTICLE,,un / la / se / la gente / unum/-am,
spanish-modality,spanish,modality,epistemic MODALITY / epistemic MODALITY aux,,haber / deber,
spanish-noun-classification,spanish,noun-classification,feminine SINGULAR,,-a,
spanish-number,spanish,number,PLURAL,,-s,
spanish-other,spanish,other,marker of the lack of control of the subject,,se,
spanish-possession,spanish,possession,POSSESSION marker 'of' / POSSESSION / prenominal determiner POSSESSIVE (clitic),,de / tener / mi,
spanish-relativization,spanish,relativization,invariant RELATIVIZER,,que,
spanish-tense,spanish,tense,FUTURE (aux) / RECENT PAST,,ir (a) / acabar (de),
spanish-valency-change,spanish,valency-change,marker of PASSIVE voice / PASSIVE aux / PASSIVE-like aux / CAUSATIVE / CAUSATIVE,,se / ser / quedar / hacer / hacer,
sranan-case-adposition,sranan,case-adposition,SPATIAL postposition,,tapu,
sranan-conjunction,sranan,conjunction,COMPLEMENTIZER,,taki,
sranan-definiteness,sranan,definiteness,DEFINITE ARTICLE / INDEFINITE ARTICLE,,a / wan,
srilankaportugese-case-adposition,srilankaportugese,case-adposition,ACCUSATIVE,,-pa,
tabasaran-agreement,tabasaran,agreement,"AGREEMENT marker (here:2SG, dative)",,-vuz,
tabasaran-aspect,tabasaran,aspect,PERFECTIVE prefix,,ʁ-,
tabasaran-conjunction,tabasaran,conjunction,COMPLEMENTIZER,,k'uri,
tabasaran-other,tabasaran,other,derivational marker for ordinal numerals,,-pi,
tajio-aspect,tajio,aspect,INCOMPLETIVE clitic,,=po,
tajio-noun-classification,tajio,noun-classification,numeral CLASSIFIER (default for objects),,bua,
tajio-relativization,tajio,relativization,RELATIVIZER,,to,
talyshi-information-structure-devices,talyshi,information-structure-devices,FOCUS,,=m,
talyshi-possession,talyshi,possession,GENITIVE prefix (of PRONOUNs),,ča-,
tatjewish-conjunction,tatjewish,conjunction,COMPLEMENTIZER,,=ho,
tatjewish-valency-change,tatjewish,valency-change,PASSIVE aux,,omor-,
tatmuslim-modality,tatmuslim,modality,HORTATIVE (IRR-leave.IMP2SG),,(b-)il,
tatmuslim-tense,tatmuslim,tense,PRESENT tense,,ba-V(PST)-an=üm,
ternatechabacano-pronoun-proverb,ternatechabacano,pronoun-proverb,RECIPROCAL,,hugá,
thai-aspect,thai,aspect,COMPLETIVE / CONTINUOUS,,sèt / yùu,
thai-case-adposition,thai,case-adposition,"ALLATIVE / behind' / Coverb/preposition indicating DIRECTION to GOAL near speaker / preposition/coverb meaning 'in the function of, as' / ACCORDING TO / SPATIAL:ALONG/PATH / BENEFACTIVE (preposition) / DATIVE / preposition (indication DIRECTION to GOAL away from speaker) / ALLATIVE (preposition) / ABLATIVE (preposition) / LOCATIVE marker (relational noun) / beside' / INSTRUMENTAL",,thy̌ŋ / lăŋ / maa / pen / taam / taam / hâj / hâj / paj / Ɂɔ̀ɔk / càak / khâŋ / (khâŋ)khâaŋ / Ɂaw,
thai-conjunction,thai,conjunction,'until' / CONCESSIVE / earlier' / CONSECUTIVE / COORDINATIVE particle / PURPOSE / MANNER / COMPLEMENTIZER,,thy̌ŋ / thy̌ŋ / lăŋ / maa / lɛ̒Ɂ / hâj / hâj / hâj,
thai-definiteness,thai,definiteness,DEFINITENESS / INDEFINITNESS,,nán / nỳŋ,
thai-modality,thai,modality,ABILITY (in terms of LEARNED ABILITY) / ABILITY / PERMISSIVE / POSSIBILITY / 'succeed',,pen / dâj / dâj / dâj / dâj,
thai-noun-classification,thai,noun-classification,CLASSIFIER / CLASSIFIER / CLASSIFIER / CLASSIFIER,,lăŋ / lûuk / tua / khon,
thai-possession,thai,possession,POSSESSION marker,,khɔ̌ɔŋ,
thai-tense,thai,tense,after' / TEMPORAL reference / PAST,,lăŋ / maa / dâj,
thai-valency-change,thai,valency-change,CAUSATIVE / CAUSATIVE,,tham / hâj,
thai-verbal-categories-other,thai,verbal-categories-other,QUOTATIVE marker,,wâa,
thai-verbal-deixis,thai,verbal-deixis,VENITIVE (DIRECTIONAL verb) / ANDATIVE (DIRECTIONAL verb),,maa / paj,
tokpisin-aspect,tokpisin,aspect,PROGRESSIVE,,i stap,
tokpisin-number,tokpisin,number,PLURAL,,ol,
tokpisin-possession,tokpisin,possession,GENITIVE marker ('of'),,bilong,
tokpisin-tense,tokpisin,tense,FUTURE,,bai,
tsakhur-definiteness,tsakhur,definiteness,INDEFINITE Pronoun marker (here: gender IV),,-xe-d,
tsakhur-modality,tsakhur,modality,OBLIGATION (here: gender IV),,-s꞊od,
tsakhur-valency-change,tsakhur,valency-change,CAUSATIVE,,"-haʔas, -aʔas",
tswana-aspect,tswana,aspect,"CONTINUATIVE aux / HABITUAL aux ('do something often, or in great quantity') / REPETITIVE aux / have ceased doing something' [TERMINATIVE aux] / do something usually' / CONTINUATIVE aux 'continue to do something' / have eventually done something' (aux) / be still doing something' (aux) / do something continually', or 'be still doing something' / 'be already doing something' / do something continually' / do something continually' / do something continually'",,áχá / àtìsà / bʊ́á / χá...tɬhɔ̀lɩ́ / nà lɩ́- / nàmà / nàmílé / ńná / ńtsé / sétsɩ́ / tɬhɔ̀là / tsàmàjà / tshɩ́lá,
tswana-case-adposition,tswana,case-adposition,"LOCATIVE suffix / LOCATIVE prefix / LOCATIVE prefix / LOCATIVE preposition / LOCATIVE preposition / INSTRUMENTAL preposition / CAUSATOR preposition (marking agent in PASSIVEs) / 'since' / 'regarding' / 'except' / 'except, instead' / 'from' / 'from' / 'from' / 'according to' / behind (preposition)",,-ŋ̀ / χʊ́- / χá- / fá / morago [mʊ̀ráχʊ́] / ká / kɩ́ / (fá) ɩ́sàlɩ́ / fá !ɩ́lɩ́ / fá !ɩ́sɩ́ / ɩ́sɩ̀ŋ́ / go simolola [χʊ̀ -símʊ́lʊ́là] / go tloga [χʊ̀-tɬʊ̀χà] / go tswa [χʊ̀-tswà] / go ya ka [χʊ̀-jà ká] / morago [mʊ̀ráχʊ́],
tswana-conjunction,tswana,conjunction,"COMPLEMENTIZER / since, as / CONDITIONAL CONJUNCTION (when, if) / until / PURPOSIVE (subordinator?) 'so that' / conjunctions expressing sequentiality ('and then') / conjunction expressing simultaneity / CAUSE (conjunction) / after (preposition) / CONSECUTIVE (aux )",,χʊ̀rɩ̀ / ká / fá / χʊ̀fìtɬhɛ̀là / χʊ̀rɩ̀ / tɬà / ɛ́tá / ka gore [ká χʊ́rɩ̀] / morago [mʊ̀ráχʊ́] / -tla [tɬà],
tswana-evaluative,tswana,evaluative,DIMINUTIVE (derivational suffix),,-ana,
tswana-identity,tswana,identity,'other',,ngwe [ŋʷɩ̀],
tswana-modality,tswana,modality,POTENTIAL marker / NECESSITY aux ('need to do something') / be obliged to do something' (aux) / be obliged to do something / INTENTION (aux),,-ká / bàtɬà / nà lɩ́- / tshwánétsɩ́ / rátá [rátá],
tswana-negative,tswana,negative,never do something' [NEGATIVE aux] / NEGATION (prefix) / NEGATION aux,,χà...ńnɩ́ / -sɩ̀ / χáná,
tswana-number,tswana,number,plain PLURAL marker (human),,bó-,
tswana-other,tswana,other,noun-modifier LINKER / noun-modifier LINKER in counting constructions,,jó / lɩ́,
tswana-possession,tswana,possession,GENITIVE LINKER (person names & kinship terms),,-áχá-,
tswana-quantification,tswana,quantification,some (determiner),,ngwe [ŋʷɩ̀],
tswana-relativization,tswana,relativization,relative verb form marker,,-ŋ́,
tswana-tense,tswana,tense,"have done something in the PAST year' [PAST aux] / have done something the day before' [RECENT PAST aux] / have done something long ago, or for the last time' / have just done something' / do something during the next year' / do something before the end of the day' / do something the next day' / have done something in the morning'",,díkílé / létsɩ́ / sàlɩ́ / sátswá / tɬàà-díká / tɬàà-lálá / tɬàà-tsʊ́χá / tsʊ́χílé,
tswana-verbal-categories-other,tswana,verbal-categories-other,IMMINENCE aux ('seem to be about to do something') / have nearly done something' [aux] / IMMINENCE aux ('seem to be about to do something') / have nearly done something' / have nearly done something' / be close to doing something' / be close to doing something' / do something unexpectedly' / seem to be close to do something' / be close to doing something' / AVERTIVE (aux),,bàtɬà / bàtɬílé / lʊ̀sètsà / rátílé / sɩ́ŋ́kílé / tɬʊ̀χà / tsàmàɛ̀là / tshʊ̀χànà / tsìlé / jà / rátá [rátá],
tundranenets-agreement,tundranenets,agreement,"""objective conjugation"" (used with topicalized objects)",,-w⁰,
tundranenets-modality,tundranenets,modality,IMPERATIVE (2SG),,-q,
tundranenets-number,tundranenets,number,nominal DUAL,,-q,
tundranenets-pronoun-proverb,tundranenets,pronoun-proverb,PRONOUN (Stem) ACCUSATIVE / Personal Pro (3SG),,syiq- / pida,
tundranenets-tense,tundranenets,tense,PAST,,-e-sy⁰,
tundranenets-word-class-change,tundranenets,word-class-change,"""finite morphem"", marker of finite conjugation",,-e-,
tuscarora-definiteness,tuscarora,definiteness,DEFINITE ARTICLE,,ha',
udi-case-adposition,udi,case-adposition,"DATIVE / behind / SPATIAL postposition 'at, near'",,-a / bačːˁaneχun / bel,
udi-definiteness,udi,definiteness,INDEFINITE Pronoun marker,,꞊(n)esa,
udi-modality,udi,modality,internal + external POSSIBILITY aux / reinforced HORTATIVE / PERMISSIVE,,baksun / ek-i / barta,
udi-possession,udi,possession,TEMPORAL POSSESSION postposition,,kije,
udi-tense,udi,tense,PRESENT tense / FUTURE (here: 3SG),,-(e)sa / -al=e,
udi-valency-change,udi,valency-change,CAUSATIVE / DECAUSATIVE (here: past tense allomorph),,-d- (-tː- after s) / -ec-,
uppersorbian-copulaic,uppersorbian,copulaic,EXISTENTIAL COPULA,,sydać,
uppersorbian-definiteness,uppersorbian,definiteness,INDEFINITE article,,jen,
veps-case-adposition,veps,case-adposition,ABLATIVE Clitic,,=päi,
vincentiancreole-possession,vincentiancreole,possession,GENITIVE marker ('of'),,fo,
wakhi-case-adposition,wakhi,case-adposition,DATIVE suffix,,-ər(k),
warrwa-case-adposition,warrwa,case-adposition,INSTRUMENTAL,,-ngany,
warrwa-possession,warrwa,possession,inalienable POSSESSION marking (on possessum),,-jina,
warrwa-valency-change,warrwa,valency-change,TRANSITIVE conjugation marker / REFLEXIVE/RECIPROCAL action,,na- / -banyji,
xufipamir-case-adposition,xufipamir,case-adposition,LOCATIVE,,-ard,
yaghnobi-tense,yaghnobi,tense,PRESENT TENSE,,=išt,
yaqui-aspect,yaqui,aspect,DURATIVE / CESSATIVE aspect,,-sime / -yaate,
yaqui-modality,yaqui,modality,DESIDERATIVE / indirect DESIDERATIVE / SUBJUNCTIVE,,-bae / -ii'aa / -'ea,
yawuru-case-adposition,yawuru,case-adposition,ERGATIVE,,-ni,
yawuru-possession,yawuru,possession,GEN of Animates / predicative POSSESSION ('have'),,-jina / -nga...-ngany,
yawuru-word-class-change,yawuru,word-class-change,INSTRUMENTAL NOMINALIZER,,-jinaburu,
yucatec-aspect,yucatec,aspect,IMPERFECTIVE aspect / PROGRESSIVE aspect / TERMINATIVE aspect / PERFECTIVE,,"k / tíin, táan, túun / ts' / t",
yucatec-case-adposition,yucatec,case-adposition,"'on, above' (preposition) / adposition 'on account of' (preposition) / 'behind' (preposition)",,óok'ol / o'l / t=u paach,
yucatec-conjunction,yucatec,conjunction,'in order that' / COORDINATOR / discourse-level conjunction,,"yo'lal / (y)éetel / ts'o'le, ts'o'kole",
yucatec-definiteness,yucatec,definiteness,DEFINITE ARTICLE / INDEFINITE ARTICLE,,"le / hun, un",
yucatec-noun-classification,yucatec,noun-classification,inanimate object CLASSIFIER,,-p'éel,
yucatec-other,yucatec,other,this' (deictic clitics),,"=la', =a'",
yucatec-pronoun-proverb,yucatec,pronoun-proverb,'who' (INTERROGATIVE PRONOUN) / 'what' (INTERROGATIVE PRONOUN),,máax / ba'x,
yucatec-tense,yucatec,tense,FUTURE / PREDICTIVE FUTURE,,yan / bíin,
yucatec-valency-change,yucatec,valency-change,REFLEXIVE ('self') / CAUSATIVE,,báah / ts'a',
zazaki-other,zazaki,other,“ezâfe” (clitic linking head noun to depending elements),,o,
